Rut,Nombre,Apellido,Edad,Promedio_final,Carrera
67869385,Rickey,Stewart,20,4,Occupational hygienist
679923,Dana,Jones,30,7,Private music teacher
34631660,Emily,Bell,29,5,"Scientist, physiological"
67440070,Amber,Haney,20,5,"Nurse, mental health"
83950597,Brian,Patterson,27,6,Waste management officer
85763094,Danielle,Thompson,19,7,"Psychotherapist, child"
11234178,Jasmine,Pittman,20,4,"Producer, radio"
58691649,Mark,Morris,18,4,Bonds trader
7373713,Dana,Sanchez,21,5,Operational researcher
52854185,Sheri,Wood,19,6,"Surveyor, building control"
35099602,Jeffrey,Jensen,27,5,Architectural technologist
19192216,Lauren,Davis,23,5,Arboriculturist
9310088,Timothy,Morrison,18,7,Cabin crew
31429915,Claire,Miller,29,7,Horticultural consultant
12356738,Kirsten,Patterson,19,4,Government social research officer
84694667,Ryan,Mendez,21,4,"Engineer, manufacturing"
75100547,Larry,Johnson,29,7,Acupuncturist
42353276,Pamela,Adams,19,6,Applications developer
61915126,Patrick,Williams,25,5,Astronomer
78230593,Caroline,Smith,25,7,Geophysicist/field seismologist
91493930,Lisa,Rodgers,29,5,Forensic psychologist
7045141,Daniel,Camacho,28,4,"Psychologist, clinical"
74884031,Zachary,Fuentes,30,5,Minerals surveyor
51406614,Christopher,Guzman,26,7,"Embryologist, clinical"
87135024,Jaclyn,Hood,30,5,Museum/gallery curator
57330222,Cynthia,Neal,25,5,Records manager
30804942,Cody,Copeland,21,4,Race relations officer
98588984,Maria,Patterson,20,7,"Surveyor, mining"
95041296,Maria,Francis,28,7,"Buyer, retail"
61007929,Diana,Bryan,30,6,Pathologist
28743947,Denise,Malone,23,7,"Designer, multimedia"
63846321,Danielle,Garza,23,6,"Civil engineer, consulting"
34199375,Margaret,Leblanc,26,7,TEFL teacher
7709954,Jesse,Andrade,22,5,"Engineer, building services"
20557643,Robert,Chan,23,4,Farm manager
16742272,Eric,Hunter,25,7,"Scientist, biomedical"
45709986,Evan,Rush,20,6,Artist
84872585,Sarah,Hayden,26,5,Dramatherapist
20568302,Louis,Baker,25,6,Local government officer
66248490,James,Nunez,23,6,Exhibition designer
33445871,Penny,Myers,29,6,Product manager
95998880,Kelly,French,22,5,Insurance claims handler
10457647,Jessica,Randall,19,7,Horticultural consultant
62861552,Tammy,Vazquez,22,5,"Engineer, drilling"
54908342,Thomas,Brown,29,6,Commissioning editor
57776873,Abigail,Diaz,28,4,"Surveyor, minerals"
5938181,Lance,Luna,27,6,"Horticulturist, commercial"
25318864,Amanda,Conway,28,6,Insurance broker
80726240,Erika,Montes,19,4,Clinical biochemist
12336490,Elizabeth,Rose,19,7,Metallurgist
94791779,Gina,Gray,18,7,Airline pilot
42449299,Renee,Calderon,30,7,Veterinary surgeon
55297353,Chad,Martinez,30,5,"Clinical scientist, histocompatibility and immunogenetics"
54027607,Monica,Ayala,26,4,Hydrologist
27335873,Melanie,Roberts,30,5,"Exhibitions officer, museum/gallery"
20468528,Christian,Flores,28,5,Estate agent
25088594,Anna,Nicholson,26,7,"Copywriter, advertising"
6028582,Geoffrey,Bradley,23,4,Museum/gallery exhibitions officer
92257813,Susan,Chapman,21,5,Tree surgeon
76749061,Carl,Curry,22,4,Immunologist
36910817,John,Sellers,30,7,Radio producer
48732465,Angela,Owens,29,6,Health promotion specialist
26424650,Alyssa,Moore,22,5,TEFL teacher
64642643,David,Aguilar,28,4,Recycling officer
75423782,Andrea,Rice,18,4,Nutritional therapist
18560916,Darlene,Johnson,29,6,Museum education officer
71102095,Alan,Williams,29,6,Toxicologist
46999152,Mark,Vaughn,26,6,"Buyer, retail"
12201029,Kristin,Johnson,25,5,Industrial/product designer
49657309,Mario,Watson,27,5,Tour manager
4913946,Matthew,Cannon,25,5,Insurance account manager
7897549,Richard,Sullivan,19,6,Jewellery designer
87539848,Erin,Adams,25,7,Learning mentor
2040218,Patrick,Howe,24,4,Editorial assistant
92617315,Anthony,Henderson,20,7,"Therapist, speech and language"
38774642,Michael,Jackson,21,6,"Surveyor, mining"
87378401,Joseph,Wilkins,24,5,Emergency planning/management officer
41691352,Carrie,Lee,29,5,"Engineer, broadcasting (operations)"
66609139,Timothy,Ford,23,5,Architect
40598890,Joseph,Martinez,20,4,Patent attorney
81768460,Holly,Harvey,21,7,"Engineer, manufacturing systems"
65032085,Bianca,Williams,29,7,Land
19213951,Christina,Reid,29,7,Multimedia programmer
80739985,Cassandra,Lane,21,6,"Engineer, mining"
27744312,Leslie,Hernandez,18,4,Speech and language therapist
39445113,Robert,Maldonado,27,4,Archaeologist
29205340,Lori,Taylor,23,4,Theme park manager
94022124,Michael,Taylor,28,6,Health physicist
37217108,Morgan,Duffy,26,7,Retail buyer
4558505,Larry,Roach,29,6,Research scientist (life sciences)
25284773,Jeffrey,Gregory,24,6,"Psychologist, occupational"
45965095,Linda,Morgan,27,7,Licensed conveyancer
66750754,William,Mccoy,23,4,Telecommunications researcher
89961060,Isaiah,Johnson,28,5,Chartered management accountant
42434535,Vicki,Farley,27,5,Television/film/video producer
55556737,Jill,Scott,27,7,Amenity horticulturist
434134,Ashley,Molina,18,4,Financial risk analyst
31839721,Peter,Mclaughlin,26,4,Graphic designer
53288196,Lisa,Marquez,21,4,"Geneticist, molecular"
95605110,James,Medina,23,6,Music therapist
84369771,Paul,Guerrero,20,6,Ship broker
2023300,Gabriel,Medina,22,5,"Engineer, agricultural"
32880529,Jacqueline,Mann,19,4,Heritage manager
7256226,John,Rodriguez,19,5,Jewellery designer
7760283,Stephanie,Gray,28,5,Surgeon
22178323,Jessica,Anderson,26,4,Exercise physiologist
71419530,Stacey,Romero,27,4,Public librarian
73750385,Brian,Robinson,29,7,Regulatory affairs officer
57763157,Kimberly,Sullivan,30,5,Telecommunications researcher
51175826,Laura,Wheeler,18,6,Oceanographer
95995120,Shawn,Davis,20,6,"Nurse, adult"
17719908,Scott,Vargas,30,5,Learning disability nurse
9279957,Colin,Garcia,23,7,Waste management officer
94620429,Michele,Huynh,27,6,Advertising art director
15540796,Wendy,Arnold,23,7,Office manager
13132542,Ashley,Hughes,26,5,Town planner
62842024,Cynthia,Meyers,23,4,Counsellor
76312863,Frances,Carson,24,4,Landscape architect
57815156,Paul,Taylor,23,7,Technical brewer
16903177,Matthew,Saunders,18,4,"Librarian, academic"
9341025,Michael,Montgomery,27,6,Theme park manager
58024083,Paul,Roberts,28,4,Insurance claims handler
77214578,Amanda,Cook,20,6,"Engineer, technical sales"
39257096,Jeff,Booker,29,7,Special effects artist
85575489,Jeremy,Richard,26,4,Theatre stage manager
14445675,Alexander,Garcia,27,6,Administrator
56804836,Hunter,Williams,20,7,Sub
9136602,Micheal,Curtis,21,5,Copy
40693393,Kenneth,Boyd,25,4,Art therapist
4999926,Jacob,Lawrence,24,7,Curator
86514155,Margaret,Garcia,20,4,Curator
35681443,Carol,Wyatt,30,7,Oncologist
29585595,Matthew,Stewart,20,4,"Geneticist, molecular"
85417550,Samuel,Sosa,24,6,Airline pilot
4756722,Deborah,Flores,26,7,Insurance broker
32458976,Lauren,Rogers,21,4,"Engineer, maintenance (IT)"
59902271,Allison,Lester,26,6,Solicitor
18233967,Tammy,Campbell,18,4,Physiological scientist
91118781,Chelsea,Villarreal,26,4,"Loss adjuster, chartered"
80563560,Christopher,Duran,21,6,Medical physicist
12926599,Robert,Fry,29,6,Video editor
11561618,Michael,Alvarado,23,5,Warden/ranger
80248890,Anthony,Johnson,20,4,Orthoptist
41658059,Katherine,Levine,20,7,Lobbyist
45971320,Nicole,Hines,18,5,Tourist information centre manager
62055870,David,Smith,28,4,Tourism officer
43051709,Brian,Hoffman,30,4,Broadcast engineer
41313964,Bradley,Morris,25,5,Structural engineer
36196578,Sara,Turner,25,7,Equities trader
21962069,Thomas,Lopez,25,4,Advice worker
56822571,Jennifer,Evans,28,4,"Pharmacist, hospital"
98725881,Veronica,Larson,20,5,Garment/textile technologist
34939034,Juan,Maynard,19,7,Forensic scientist
90042140,Valerie,Farrell,21,7,Insurance broker
57420480,Lisa,Sloan,20,7,Heritage manager
73976064,Colleen,Brown,27,5,Government social research officer
42533761,Daniel,Howard,26,7,Network engineer
48115609,Nicole,Jones,20,7,Bonds trader
3031550,Richard,Sutton,26,6,Animal nutritionist
58246554,Melinda,Jordan,24,6,Newspaper journalist
66557846,Matthew,Brown,22,4,Clinical molecular geneticist
64938749,Mia,Ward,28,4,"Programmer, applications"
91998794,Janice,Barnes,24,6,Financial planner
92379243,Mitchell,Mendoza,26,6,Firefighter
27070494,Stephanie,Jones,20,5,Illustrator
97395962,Steven,Martinez,20,7,Records manager
18454749,Daniel,Gilbert,29,5,"Administrator, education"
9696509,Jeffery,Barron,27,4,Conference centre manager
920174,Charles,Martin,22,5,Microbiologist
31498169,Jessica,Williams,19,4,Estate agent
96387392,Michael,Proctor,26,6,Race relations officer
56432206,Vincent,Zimmerman,20,5,Archivist
21409569,Brooke,Fischer,22,4,Lawyer
90375048,Sylvia,Solis,29,7,Estate agent
16805761,Shannon,Lewis,19,5,"Designer, multimedia"
68633934,Rebecca,Robinson,25,5,"Scientist, forensic"
34435074,Robert,Wagner,29,5,Counsellor
38953891,Tracy,Cooper,25,4,Television production assistant
5320498,Aaron,Todd,23,5,Media planner
76988695,Curtis,Williams,20,7,Brewing technologist
13070403,Tiffany,Newton,28,7,Human resources officer
47898461,Michael,Mcgrath,21,5,Sports therapist
81250823,Matthew,Chavez,24,4,"Surveyor, hydrographic"
7266715,Phillip,Jones,19,5,Hydrologist
56227533,Steven,Castro,26,4,"Pilot, airline"
84156349,Vernon,Brown,23,6,Dramatherapist
44872182,Kevin,Clayton,28,6,Sub
28619146,Eric,Young,19,6,Environmental manager
53110014,Samantha,Collins,26,7,"Engineer, manufacturing systems"
62616639,Sharon,Nelson,26,5,Brewing technologist
25599526,Amanda,Terrell,19,6,Logistics and distribution manager
46393667,James,Jones,21,6,Animal nutritionist
80651099,Alison,Johnson,27,7,Careers information officer
74763426,Sarah,Summers,24,5,"Designer, textile"
91828479,Mark,Hale,30,4,Petroleum engineer
24392570,Luke,Erickson,22,5,Psychiatrist
4956057,Amanda,Smith,25,5,Animator
21052930,Joshua,Fields,26,5,"Administrator, local government"
39472533,Mary,Miller,24,4,Chief Operating Officer
63433075,Brandon,Becker,27,4,Aid worker
7632734,Charles,Bond,19,4,"Engineer, civil (consulting)"
88830918,James,Stanley,30,4,Psychotherapist
92034937,Albert,Poole,30,7,Freight forwarder
91574946,Devin,Robbins,28,6,Hospital doctor
86859044,Wayne,Martinez,28,4,Marine scientist
44521427,Emily,Hicks,20,5,Press sub
9129359,Linda,Nelson,26,5,Production manager
99817438,Patrick,Williams,28,4,Environmental education officer
73871029,Linda,Ferrell,20,6,"Buyer, retail"
68862723,Carol,Garcia,27,6,Armed forces training and education officer
85320035,Joseph,Jones,29,5,Air cabin crew
25178830,Robert,Barnes,23,5,Psychiatric nurse
72363353,Amy,Robinson,21,4,Best boy
63790839,James,Mata,22,6,Accounting technician
32778684,Frank,Smith,22,7,Dietitian
12448661,Rachael,Tyler,21,6,"Conservation officer, nature"
79815864,Patrick,Cruz,24,4,Clinical molecular geneticist
26747498,Sabrina,King,29,7,Research scientist (medical)
51995056,Kaitlyn,King,26,7,Occupational therapist
63194998,Jonathan,Esparza,18,7,Biomedical scientist
83906274,Frank,Daniel,19,5,Architect
60659024,Beth,Snyder,24,7,"Engineer, automotive"
38237605,Jessica,Harper,28,4,Newspaper journalist
89512211,Betty,Shaw,18,7,"Designer, industrial/product"
44324334,Brandon,Gonzales,21,5,Architectural technologist
66539248,Brittany,Lutz,22,4,Patent attorney
42415983,Joseph,Wallace,22,4,Sales executive
3435353,Nicholas,Snyder,18,5,Games developer
11324130,Douglas,Ellis,20,6,"Designer, industrial/product"
83052655,Brenda,Golden,18,5,Translator
25066128,Briana,Parker,19,7,"Education officer, museum"
64702923,Melissa,Steele,20,6,"Engineer, biomedical"
50772439,John,Dudley,19,6,Marine scientist
16610171,Tony,Davis,24,6,"Editor, commissioning"
80071667,William,Torres,30,7,Health and safety adviser
78858548,William,Roberts,28,5,Production engineer
1526038,Elizabeth,Turner,26,4,Database administrator
54675407,Dean,Roberts,28,4,"Surveyor, building"
37592764,Gregory,Reid,27,5,Holiday representative
94736203,Adriana,Arellano,20,5,"Engineer, petroleum"
80269473,Jordan,Rodriguez,29,6,Site engineer
81430135,Paul,Johnson,29,6,Special effects artist
87098135,Joseph,Warren,23,5,Education administrator
80351523,Brittany,Gonzalez,18,6,Chartered certified accountant
73679591,Dylan,Brown,19,5,Firefighter
71246043,Jesse,Lee,26,5,"Accountant, chartered management"
37647231,Susan,White,26,5,Actuary
10075413,David,Morales,28,7,"Education officer, environmental"
13699349,William,Guzman,26,5,Product designer
64374474,Kristin,Carter,22,5,Ergonomist
7010898,Jennifer,Smith,23,5,"Buyer, retail"
49525026,Haley,Farmer,18,7,Speech and language therapist
67751336,Elizabeth,Santos,26,7,Ranger/warden
97436880,Richard,Hines,25,6,Operational researcher
21234409,Sheila,Ewing,24,4,Animal nutritionist
352766,Kelly,Chambers,18,6,Commissioning editor
596048,Amber,Lawson,23,4,Special educational needs teacher
53606840,Jeffrey,Stephens,22,6,Data processing manager
52627265,Harry,Dean,23,7,Market researcher
43491841,April,Kidd,21,7,Advice worker
92525559,Natalie,Larsen,21,5,"Engineer, structural"
94131952,Kevin,Baker,29,7,Special educational needs teacher
77467856,Devon,Lara,20,6,Clinical cytogeneticist
12389482,Stephanie,Wise,18,6,"Engineer, agricultural"
52603792,Julie,Smith,18,5,Insurance underwriter
59424962,Shannon,Fisher,29,7,"Lecturer, further education"
59684449,Pamela,Rodriguez,23,6,Research scientist (life sciences)
56998925,Patrick,Johnson,18,5,Energy manager
34218174,Suzanne,Davis,26,7,Chartered management accountant
84316941,Mary,Young,26,4,"Engineer, aeronautical"
98499822,Lori,Graham,20,7,Operational investment banker
88321073,Mary,Davis,22,5,Special educational needs teacher
66622315,Elizabeth,Fuentes,22,6,Make
92686212,Patricia,Johnson,28,4,Newspaper journalist
26941158,Tiffany,Landry,26,7,Market researcher
4287842,Joseph,Hensley,26,4,Tourist information centre manager
32059114,Heidi,Carlson,20,5,TEFL teacher
16418399,Robert,Smith,21,6,Financial manager
55187855,Megan,Rios,20,5,Food technologist
70964474,Justin,Sanchez,28,7,Speech and language therapist
63429878,Kelly,Barber,23,5,Merchant navy officer
47096935,Kevin,Jenkins,22,7,Leisure centre manager
50940286,Mathew,Henderson,24,6,Medical sales representative
12923422,Margaret,Stewart,23,4,"Teacher, primary school"
15320475,Ashley,Dyer,18,5,Financial manager
65640024,Anthony,Sanchez,27,5,Associate Professor
43507015,Randy,Rice,26,7,"Presenter, broadcasting"
21131244,Larry,Jacobs,27,5,Call centre manager
3607176,Dustin,Clark,19,7,Media planner
8884498,Thomas,Gutierrez,23,4,"Scientist, water quality"
64322219,James,Collier,29,7,"Programme researcher, broadcasting/film/video"
87119169,Courtney,Wilson,28,5,Insurance broker
82757486,Dominic,Klein,21,5,Medical secretary
73014635,Joshua,Sandoval,23,7,Animal nutritionist
95691737,Chad,Adams,22,4,Water quality scientist
86696362,Bailey,Moran,21,7,"Biochemist, clinical"
29733884,Stephanie,Watts,25,7,Petroleum engineer
84274301,Joshua,Price,19,6,Medical secretary
86153571,Sandra,Fox,20,6,Fine artist
73659490,Katrina,Jones,22,7,"Journalist, magazine"
42347343,Denise,Martinez,21,7,"Designer, blown glass/stained glass"
97832148,Kevin,Lawrence,28,7,Event organiser
54914215,Walter,Jones,19,7,Immunologist
95081634,Jessica,Russell,23,6,Paediatric nurse
84876667,Timothy,Young,18,5,Telecommunications researcher
81066833,Alicia,Sanchez,18,4,Ceramics designer
89520894,Peter,Kelly,26,7,Child psychotherapist
3007252,John,Osborne,29,5,Sport and exercise psychologist
55803190,Sheryl,Greene,18,4,Estate manager/land agent
50002339,Tracy,Smith,18,5,"Optician, dispensing"
91824139,Matthew,Hood,22,7,Chartered legal executive (England and Wales)
16335566,Jessica,Mitchell,26,4,Training and development officer
1890892,Tiffany,Davies,22,6,"Geneticist, molecular"
22088574,Aaron,Knight,24,6,"Accountant, chartered"
84719173,Henry,Olson,29,7,Photographer
44710962,Daniel,Brewer,30,6,Systems developer
64780221,Lauren,Krueger,26,6,Insurance account manager
80723001,Joseph,Preston,21,4,Primary school teacher
47612932,Mark,Patel,27,7,"Runner, broadcasting/film/video"
68404127,Miranda,Duffy,21,7,"Surveyor, insurance"
93053932,Alexander,Lewis,28,5,IT consultant
64518907,Shelby,Gilbert,30,5,"Copywriter, advertising"
83568886,Tonya,Johnson,30,7,"Secretary, company"
85687913,Jessica,Wilson,26,6,Advice worker
38874637,Lisa,Murray,27,4,"Scientist, marine"
51365684,George,Livingston,23,7,"Scientist, biomedical"
44250973,Diana,Frazier,24,5,Field seismologist
95173270,Victoria,Munoz,26,6,Music tutor
77021656,Mark,Jacobson,21,7,Oncologist
99859052,Dylan,Mitchell,24,7,Financial planner
49536247,Karl,Mclaughlin,25,6,Environmental health practitioner
19845234,Jason,Shaw,21,4,Oncologist
91647575,Bill,Walker,30,7,Environmental education officer
11229573,Theresa,Martin,28,6,Cartographer
19733062,Michael,Mitchell,28,6,"Administrator, charities/voluntary organisations"
52284820,Emily,Blake,18,4,"Doctor, hospital"
45335916,Brittany,Cuevas,30,7,Insurance account manager
81243204,Jennifer,Harris,25,4,"Engineer, electronics"
30754505,Sarah,Hood,25,5,Ambulance person
50041450,Adrian,Johnson,28,4,Equality and diversity officer
97396388,Paul,Matthews,24,7,"Designer, graphic"
26549415,Paula,Barrett,19,7,"Designer, blown glass/stained glass"
59090986,Maria,Jackson,22,7,Occupational hygienist
39976055,Caitlin,Guzman,26,4,Event organiser
87166129,Steven,Davis,21,6,Clinical biochemist
41612228,Kristin,Dunn,27,6,Furniture conservator/restorer
65549863,Russell,Thompson,29,5,"Engineer, broadcasting (operations)"
26150695,Julia,Hunter,29,7,Quantity surveyor
23189057,Jonathan,Tran,27,7,Educational psychologist
83410096,Eric,Williams,27,7,"Surveyor, commercial/residential"
16888064,Brenda,Mathews,25,5,Company secretary
18019608,Todd,Jones,19,7,Barista
24039297,Derek,Kirk,24,7,Fisheries officer
65574247,Heidi,Arnold,29,5,Wellsite geologist
86932826,Casey,Walton,18,5,"Surveyor, land/geomatics"
82544538,Lauren,Williams,22,4,"Engineer, water"
18792415,Alice,Barron,19,7,"Therapist, nutritional"
83278559,James,Tyler,27,5,"Solicitor, Scotland"
32393024,Ricky,Adams,21,7,Translator
63190300,Christopher,Brown,27,6,Tree surgeon
91261939,Kevin,Fields,25,5,Higher education lecturer
95251878,Stanley,Kennedy,27,6,Oncologist
86462716,Charles,Greene,23,7,Operations geologist
34044067,Susan,Brown,30,4,Games developer
36047114,Jennifer,Murphy,26,6,Community pharmacist
67898406,Donald,Ortiz,27,4,"Therapist, drama"
21185507,Joseph,Williams,26,4,Tour manager
11893504,Michelle,Foley,27,6,Automotive engineer
88281313,Kimberly,Thornton,29,7,Data scientist
99686131,Brianna,Davis,22,5,Warehouse manager
12042763,Linda,Knight,28,5,Database administrator
47830399,Amy,Williams,30,7,"Presenter, broadcasting"
31563725,David,Craig,20,7,Data processing manager
30731106,Larry,Hernandez,30,5,"Programmer, multimedia"
64718199,Darlene,Mendoza,29,4,"Pilot, airline"
91725845,Ryan,Matthews,29,5,Patent examiner
94563780,Christine,Wong,24,7,Information officer
23603087,Molly,Jones,24,7,Mechanical engineer
10386435,Steven,Harris,21,4,Paediatric nurse
37613403,Elizabeth,Rios,21,4,Medical secretary
88596553,Tyrone,Massey,26,6,Amenity horticulturist
81224473,Anita,Foley,18,7,Systems analyst
13992269,Cody,Stevens,21,5,"Conservator, museum/gallery"
4725310,Eric,Newman,29,5,Meteorologist
79086246,Robin,Johnson,20,5,Product designer
83265205,Scott,Jackson,26,7,Clinical embryologist
77803005,Tara,Osborne,27,4,Broadcast presenter
25717369,Javier,Sanchez,30,7,Corporate investment banker
52823357,Raymond,Smith,23,4,Building services engineer
25789032,Norman,Gordon,30,6,International aid/development worker
94127630,Kimberly,Jackson,28,6,Counselling psychologist
4003737,Andrea,Gates,21,5,"Pharmacist, hospital"
5240771,Ashley,Williams,24,7,"Surveyor, commercial/residential"
664432,Duane,Martin,27,7,Armed forces technical officer
12103810,Linda,Blevins,27,7,Barrister's clerk
36862740,Alexander,Watkins,21,4,Mechanical engineer
87435349,James,Adkins,28,5,"Production designer, theatre/television/film"
42061716,Michael,Berry,21,6,Catering manager
47535173,Brenda,Scott,26,4,Dispensing optician
31013328,Sandy,Mcpherson,21,7,Electrical engineer
80832855,Francisco,Byrd,30,5,"Editor, film/video"
52586023,Brittney,Ramsey,23,4,Immunologist
50694823,Elizabeth,Reynolds,21,5,Ceramics designer
41973471,Brian,Nicholson,29,4,Charity fundraiser
83853504,Rachel,Flores,27,4,Podiatrist
72250401,Nicholas,Chapman,25,4,"Designer, industrial/product"
99221485,Margaret,Ferguson,22,7,Biomedical engineer
54909989,Andrew,Armstrong,23,6,"Engineer, control and instrumentation"
16466824,Teresa,Benitez,27,5,Restaurant manager
67367670,Sonya,Mcclure,30,7,Herpetologist
9183669,Ryan,Richardson,20,6,Insurance underwriter
57386057,David,Ruiz,22,5,Location manager
90924689,Lee,Rojas,21,7,Licensed conveyancer
54738996,Cody,Abbott,29,6,"Engineer, mining"
98352595,Patricia,Everett,22,4,"Psychologist, clinical"
38116492,Ryan,Reyes,22,6,"Surveyor, insurance"
69186665,Rodney,Johnson,27,7,IT trainer
8309250,Robert,Mcclure,28,4,Community development worker
7167730,Michael,Cruz,29,5,Charity officer
308773,Alicia,Dyer,18,6,Actor
76905754,Sean,Graves,26,6,"Designer, industrial/product"
35633226,Ashley,Fuller,27,6,"Conservation officer, nature"
7367230,William,Proctor,30,6,Farm manager
31974043,Jamie,Phillips,21,4,"Production assistant, television"
15796544,Elizabeth,Ramirez,19,7,Forest/woodland manager
14911316,Ronald,Kennedy,22,6,Civil Service administrator
24260448,Laurie,Smith,26,6,Quarry manager
22190716,Kimberly,Clark,27,5,Production manager
44252857,Nicholas,Hester,19,6,Microbiologist
98441527,Susan,Davis,24,4,Video editor
65609969,Michael,Davis,27,7,Counsellor
80668077,Jonathan,Martinez,18,4,"Programmer, applications"
4815651,Adam,Martin,28,4,Public affairs consultant
96397530,Sherry,Frederick,30,7,Information systems manager
89965643,Ashley,King,20,5,Exhibition designer
8441405,Phillip,Knight,26,7,"Journalist, broadcasting"
75386271,Elizabeth,Sullivan,20,6,Actuary
74418178,Daniel,Lee,21,7,Banker
6770429,Nancy,Rogers,28,5,Research scientist (maths)
38598656,Kimberly,Roberts,28,6,Public librarian
50887770,Stephen,Gibbs,23,5,Charity fundraiser
51130664,Joe,Anderson,24,4,Food technologist
65721910,Jeffery,Anderson,23,5,"Designer, multimedia"
23793344,Matthew,Neal,25,5,Magazine journalist
37804948,Karen,Wright,25,5,Quality manager
7843023,Judith,Rivera,28,7,Hotel manager
1701714,Margaret,Brooks,22,7,Tour manager
85532033,Mary,Harris,20,4,Transport planner
91238397,Cheryl,White,23,6,"Surveyor, building"
93745448,Tim,Norman,26,4,Forensic psychologist
17800986,Sandra,Thomas,21,7,"Engineer, civil (contracting)"
79355331,Crystal,Scott,26,7,Interpreter
11743461,Jessica,Perry,22,5,Public relations officer
97988476,Johnathan,Palmer,28,4,Biomedical engineer
3437521,David,White,25,6,Editorial assistant
83139885,Jennifer,Gilbert,25,6,Immigration officer
75476402,Michelle,Martinez,22,4,Ceramics designer
20462980,Brandi,Marsh,23,7,Child psychotherapist
22310385,Steven,Carter,20,6,"Designer, industrial/product"
54873279,Robert,Graham,28,5,Theme park manager
20420191,Lori,Berg,30,6,Careers information officer
40690234,Tyler,Mccarty,24,6,Newspaper journalist
87150624,Sydney,Smith,24,7,"Engineer, materials"
9791253,Jennifer,Haynes,22,5,Pathologist
18628329,Frederick,Gilmore,26,4,Company secretary
80110828,Alexander,Obrien,20,5,Chartered accountant
33333743,Martin,Patterson,23,4,Health and safety inspector
82238420,Scott,Reed,23,7,Recycling officer
69821762,John,Hooper,27,4,Volunteer coordinator
10534368,Joseph,Ray,22,5,Advertising account planner
60439741,Karen,Mann,18,6,Set designer
12144745,Heather,Gonzales,26,7,"Designer, television/film set"
18408934,Gregory,Wood,29,7,Herpetologist
80250953,Michaela,Harris,29,4,Cytogeneticist
77504265,Carol,Aguilar,30,4,Medical laboratory scientific officer
14508680,Christopher,Perkins,24,5,Dramatherapist
59786199,Scott,Boyd,23,7,Telecommunications researcher
4172680,Ashley,Huerta,20,7,"Development worker, community"
13171292,Randy,Elliott,19,7,Product/process development scientist
5027320,Erica,Elliott,18,4,Licensed conveyancer
54353918,Sharon,Martin,20,5,Fashion designer
58143079,Deborah,Clark,24,5,Legal secretary
85693932,Stephanie,Santiago,24,6,"Engineer, maintenance"
31533841,Adrian,Lewis,29,5,IT trainer
24083691,Wendy,Evans,28,5,Structural engineer
45454053,Sherri,Anderson,24,6,Midwife
98212244,Elizabeth,Bauer,29,4,Health visitor
24720015,Ashley,Hardy,29,5,Nature conservation officer
4377806,Adam,Lyons,21,7,Advice worker
25792155,Charles,Wallace,19,4,Medical laboratory scientific officer
57876308,Devon,Bernard,20,7,"Engineer, manufacturing"
24913118,Brenda,Guzman,26,6,Rural practice surveyor
59676801,Derek,Williams,27,6,Insurance risk surveyor
3155086,Jacob,Pham,23,6,"Buyer, industrial"
49082705,Jeffrey,Morris,24,6,"Designer, industrial/product"
89607948,Tammy,Smith,30,5,Recruitment consultant
23476965,Kelly,Griffin,30,4,Logistics and distribution manager
55193629,Danielle,Serrano,22,5,Holiday representative
39747691,Catherine,Luna,22,6,"Designer, industrial/product"
66797387,Gina,Baker,22,4,Commercial/residential surveyor
2524372,Christy,Hatfield,24,7,Careers adviser
60543611,Sandy,Campbell,25,4,"Designer, exhibition/display"
36413664,Anthony,Jones,22,5,Counselling psychologist
57314277,Tammy,Ferguson,21,4,Housing manager/officer
42594448,Sara,Haley,22,4,Waste management officer
87099978,Adam,Mayer,25,7,"Scientist, research (maths)"
84508774,Micheal,Smith,30,7,Audiological scientist
93540017,Sarah,Moore,23,6,Orthoptist
159983,Donna,Moore,19,6,Oncologist
39015775,Susan,Whitaker,18,5,Physiotherapist
32206550,Dorothy,Zamora,26,4,Legal executive
69843782,Rachel,Lee,24,7,Exercise physiologist
60851917,Howard,Barajas,22,7,Special educational needs teacher
52984779,Teresa,Brown,28,4,Lawyer
82355971,Jeffrey,Davis,20,5,Youth worker
33400628,Alisha,Robbins,26,7,"Education officer, environmental"
99110880,Jennifer,Sampson,19,5,Civil Service fast streamer
17946955,Rhonda,Benton,20,4,"Production designer, theatre/television/film"
18255428,Ashley,Morales,21,7,Call centre manager
69697368,Sheila,Young,25,4,Horticultural therapist
54724164,Sandra,Vargas,19,4,Early years teacher
89492871,Brandon,Moore,23,4,Cabin crew
35335317,Ernest,Lowe,28,5,"Production assistant, radio"
40110758,Elizabeth,Peterson,23,6,"Engineer, chemical"
27336902,Ana,Johnson,22,5,Dispensing optician
80149700,Amy,Brooks,26,7,Immigration officer
6926540,Benjamin,Ballard,28,7,Civil Service fast streamer
47462965,Amanda,Wagner,26,5,"Engineer, chemical"
90183044,Eric,Sanchez,30,6,Mechanical engineer
83908609,Robert,Acevedo,25,6,Geochemist
74577459,Aaron,Torres,20,7,"Surveyor, planning and development"
10203314,Thomas,Roberts,29,6,Veterinary surgeon
9398676,Holly,Schmidt,20,4,Academic librarian
71415211,Kyle,Nguyen,19,5,Counselling psychologist
79454801,Gregory,Davis,20,4,English as a foreign language teacher
39166509,Colin,Hanna,20,6,Police officer
68402195,Benjamin,Baker,30,7,"Scientist, clinical (histocompatibility and immunogenetics)"
83227209,Donna,Mendoza,24,4,Geophysical data processor
67525825,Melissa,Harper,26,7,Occupational hygienist
2827243,Tara,Miles,19,6,Clinical embryologist
60614280,Kendra,Adams,20,5,Medical physicist
37028962,Jacob,Shea,23,7,Broadcast journalist
51147351,Michael,Tate,22,4,Furniture designer
51022992,Darryl,May,21,7,Location manager
59136071,Wendy,Thompson,29,5,"Surveyor, hydrographic"
79366703,Diana,Evans,22,5,Electrical engineer
11270273,Makayla,Figueroa,18,4,Tourist information centre manager
20743741,Deborah,Taylor,30,6,Site engineer
26007650,Michael,Fitzpatrick,25,7,Forensic psychologist
41418935,Katie,Ortiz,22,4,Radio broadcast assistant
28239372,Peter,Dean,30,4,Purchasing manager
12345678-9,Jose,Jose,20,4,Ingenieria Civil Informatica
12345678-9,Jose,Jose,20,4,Ingenieria Civil Informatica
12345678-9,Jose,Jose,20,4,Ingenieria Civil Informatica
12345678-9,Jose,Jose,20,4,Ingenieria Civil Informatica
12345678-9,Jose,Jose,20,4,Ingenieria Civil Informatica
12345678-9,Jose,Jose,20,4,Ingenieria Civil Informatica
12345678-9,Jose,Jose,20,4,Ingenieria Civil Informatica
12345678-9,Jose,Jose,20,4,Ingenieria Civil Informatica
12345678-9,Jose,Jose,20,4,Ingenieria Civil Informatica
12345678-9,Jose,Jose,20,4,Ingenieria Civil Informatica
12345678-9,Jose,Jose,20,4,Ingenieria Civil Informatica
12345678-9,Jose,Jose,20,4,Ingenieria Civil Informatica
12345678-9,Jose,Jose,20,4,Ingenieria Civil Informatica
12345678-9,Jose,Jose,20,4,Ingenieria Civil Informatica

565,0.56