Rut,Nombre,Apellido,Edad,Promedio_final,Carrera
67869385,Rickey,Stewart,20,4,Occupational hygienist
679923,Dana,Jones,30,7,Private music teacher
8791687,Gina,Conley,21,1,"Copywriter, advertising"
34631660,Emily,Bell,29,5,"Scientist, physiological"
67440070,Amber,Haney,20,5,"Nurse, mental health"
6041626,Alicia,Hernandez,21,2,Telecommunications researcher
13051283,Timothy,Norton,30,3,Probation officer
83950597,Brian,Patterson,27,6,Waste management officer
85763094,Danielle,Thompson,19,7,"Psychotherapist, child"
82594486,Tom,Orozco,19,2,Management consultant
49891705,Brian,Everett,18,3,Retail merchandiser
11234178,Jasmine,Pittman,20,4,"Producer, radio"
58691649,Mark,Morris,18,4,Bonds trader
7373713,Dana,Sanchez,21,5,Operational researcher
77758134,Antonio,Scott,19,2,Fish farm manager
6934473,Gerald,Lawrence,23,3,"Engineer, building services"
13125565,Edwin,Osborne,27,3,Dietitian
52854185,Sheri,Wood,19,6,"Surveyor, building control"
35099602,Jeffrey,Jensen,27,5,Architectural technologist
19192216,Lauren,Davis,23,5,Arboriculturist
9310088,Timothy,Morrison,18,7,Cabin crew
31429915,Claire,Miller,29,7,Horticultural consultant
72911141,Lindsey,Navarro,25,3,Volunteer coordinator
69946303,Juan,Morales,21,3,Health physicist
10194405,Dwayne,Phillips,24,1,Immunologist
12356738,Kirsten,Patterson,19,4,Government social research officer
84694667,Ryan,Mendez,21,4,"Engineer, manufacturing"
75100547,Larry,Johnson,29,7,Acupuncturist
42353276,Pamela,Adams,19,6,Applications developer
61915126,Patrick,Williams,25,5,Astronomer
78230593,Caroline,Smith,25,7,Geophysicist/field seismologist
47141950,David,Armstrong,27,2,Manufacturing engineer
91493930,Lisa,Rodgers,29,5,Forensic psychologist
7045141,Daniel,Camacho,28,4,"Psychologist, clinical"
74884031,Zachary,Fuentes,30,5,Minerals surveyor
51406614,Christopher,Guzman,26,7,"Embryologist, clinical"
87135024,Jaclyn,Hood,30,5,Museum/gallery curator
57330222,Cynthia,Neal,25,5,Records manager
65096298,Selena,Carr,28,1,"Engineer, building services"
85609209,Lindsey,Tran,29,3,Chief Strategy Officer
30804942,Cody,Copeland,21,4,Race relations officer
44154689,Mary,Park,30,3,Materials engineer
98588984,Maria,Patterson,20,7,"Surveyor, mining"
86829267,Amber,Mccarty,25,2,"Engineer, mining"
13916710,Bradley,Horne,18,1,Chartered public finance accountant
80105474,Taylor,Jones,20,2,Chief Marketing Officer
95041296,Maria,Francis,28,7,"Buyer, retail"
61007929,Diana,Bryan,30,6,Pathologist
28743947,Denise,Malone,23,7,"Designer, multimedia"
63846321,Danielle,Garza,23,6,"Civil engineer, consulting"
35120204,Brianna,Ferrell,28,3,Hospital pharmacist
87042655,Janet,Wilson,21,3,"Scientist, research (physical sciences)"
34199375,Margaret,Leblanc,26,7,TEFL teacher
20676843,Theresa,Lopez,21,1,Sports coach
4660831,Daniel,Williams,19,2,Primary school teacher
7709954,Jesse,Andrade,22,5,"Engineer, building services"
20557643,Robert,Chan,23,4,Farm manager
38951579,Laura,Barnes,28,3,Database administrator
24708394,Shannon,Morris,27,3,Insurance underwriter
55871194,Jesus,Barrett,25,2,Materials engineer
16742272,Eric,Hunter,25,7,"Scientist, biomedical"
64851068,Lauren,Hansen,18,1,Hospital pharmacist
45709986,Evan,Rush,20,6,Artist
77168680,April,Lester,19,3,Petroleum engineer
19475622,Tiffany,Hodges,25,3,Amenity horticulturist
19865007,Kristi,Green,19,2,Outdoor activities/education manager
60076279,Jeffrey,Stewart,24,1,Customer service manager
84872585,Sarah,Hayden,26,5,Dramatherapist
8305862,Brian,Hale,20,1,Scientific laboratory technician
20568302,Louis,Baker,25,6,Local government officer
66248490,James,Nunez,23,6,Exhibition designer
33445871,Penny,Myers,29,6,Product manager
94481502,James,Scott,25,1,Public librarian
54372932,Kimberly,Morton,21,2,Event organiser
83106500,John,Parker,25,3,"Solicitor, Scotland"
95998880,Kelly,French,22,5,Insurance claims handler
10457647,Jessica,Randall,19,7,Horticultural consultant
62861552,Tammy,Vazquez,22,5,"Engineer, drilling"
54908342,Thomas,Brown,29,6,Commissioning editor
89521455,Linda,Russo,19,2,Accounting technician
57776873,Abigail,Diaz,28,4,"Surveyor, minerals"
5938181,Lance,Luna,27,6,"Horticulturist, commercial"
25318864,Amanda,Conway,28,6,Insurance broker
43688395,Daniel,Odonnell,23,1,"Librarian, academic"
80726240,Erika,Montes,19,4,Clinical biochemist
12336490,Elizabeth,Rose,19,7,Metallurgist
69476532,Jill,Gonzales,20,2,Chief Financial Officer
94791779,Gina,Gray,18,7,Airline pilot
1784498,Lisa,Bauer,27,2,Nature conservation officer
42449299,Renee,Calderon,30,7,Veterinary surgeon
55297353,Chad,Martinez,30,5,"Clinical scientist, histocompatibility and immunogenetics"
94449702,Stephen,Phillips,28,1,Clinical biochemist
54027607,Monica,Ayala,26,4,Hydrologist
13908910,Adam,Acosta,25,2,Museum/gallery exhibitions officer
27335873,Melanie,Roberts,30,5,"Exhibitions officer, museum/gallery"
20468528,Christian,Flores,28,5,Estate agent
9014923,Melissa,Rivera,20,3,"Geneticist, molecular"
25088594,Anna,Nicholson,26,7,"Copywriter, advertising"
6028582,Geoffrey,Bradley,23,4,Museum/gallery exhibitions officer
85761545,John,King,26,1,Industrial buyer
96071134,Michael,Taylor,21,1,Airline pilot
31979430,Blake,Wilson,29,1,Therapeutic radiographer
46854704,Billy,Ellis,23,2,Risk manager
88841095,Stephanie,Hill,20,1,"Psychologist, clinical"
1768221,Lisa,Gross,20,1,Chief Marketing Officer
92257813,Susan,Chapman,21,5,Tree surgeon
16808582,Marvin,Lopez,28,1,Corporate treasurer
76749061,Carl,Curry,22,4,Immunologist
36910817,John,Sellers,30,7,Radio producer
48732465,Angela,Owens,29,6,Health promotion specialist
6629705,Briana,Mcgee,25,3,"Lighting technician, broadcasting/film/video"
66950453,Michael,Prince,23,3,Theatre manager
19892017,Edward,Callahan,28,3,"Pilot, airline"
26424650,Alyssa,Moore,22,5,TEFL teacher
64642643,David,Aguilar,28,4,Recycling officer
75423782,Andrea,Rice,18,4,Nutritional therapist
18560916,Darlene,Johnson,29,6,Museum education officer
71102095,Alan,Williams,29,6,Toxicologist
46999152,Mark,Vaughn,26,6,"Buyer, retail"
84687858,Jeanette,Burgess,29,3,Air broker
98380702,Erika,Michael,27,3,Rural practice surveyor
12201029,Kristin,Johnson,25,5,Industrial/product designer
49657309,Mario,Watson,27,5,Tour manager
23095039,Erica,Christensen,22,2,Haematologist
65149898,Jessica,Clark,28,3,Theatre stage manager
4913946,Matthew,Cannon,25,5,Insurance account manager
29634189,Joel,Edwards,30,1,Trade union research officer
7897549,Richard,Sullivan,19,6,Jewellery designer
78296633,Frank,Moore,26,3,Freight forwarder
94250261,Brooke,Clay,18,1,"Surveyor, quantity"
87539848,Erin,Adams,25,7,Learning mentor
2040218,Patrick,Howe,24,4,Editorial assistant
92617315,Anthony,Henderson,20,7,"Therapist, speech and language"
38774642,Michael,Jackson,21,6,"Surveyor, mining"
87378401,Joseph,Wilkins,24,5,Emergency planning/management officer
32910968,Andre,Mckee,29,2,Pathologist
48631263,Danny,Pierce,18,1,Operational investment banker
41691352,Carrie,Lee,29,5,"Engineer, broadcasting (operations)"
66609139,Timothy,Ford,23,5,Architect
65753034,Justin,Mccarthy,24,3,"Engineer, control and instrumentation"
40598890,Joseph,Martinez,20,4,Patent attorney
81768460,Holly,Harvey,21,7,"Engineer, manufacturing systems"
65032085,Bianca,Williams,29,7,Land
19213951,Christina,Reid,29,7,Multimedia programmer
85470827,Dalton,Duke,25,2,Special effects artist
80739985,Cassandra,Lane,21,6,"Engineer, mining"
27744312,Leslie,Hernandez,18,4,Speech and language therapist
39445113,Robert,Maldonado,27,4,Archaeologist
92628702,Sandra,Carter,21,2,TEFL teacher
29205340,Lori,Taylor,23,4,Theme park manager
94022124,Michael,Taylor,28,6,Health physicist
37217108,Morgan,Duffy,26,7,Retail buyer
4558505,Larry,Roach,29,6,Research scientist (life sciences)
25284773,Jeffrey,Gregory,24,6,"Psychologist, occupational"
45965095,Linda,Morgan,27,7,Licensed conveyancer
89639786,Julie,Carlson,20,2,Economist
66750754,William,Mccoy,23,4,Telecommunications researcher
89961060,Isaiah,Johnson,28,5,Chartered management accountant
20301920,Joel,Pittman,30,1,Civil Service fast streamer
42434535,Vicki,Farley,27,5,Television/film/video producer
89713374,Kenneth,Steele,27,2,Travel agency manager
55556737,Jill,Scott,27,7,Amenity horticulturist
39311580,Tonya,Acevedo,21,3,Banker
434134,Ashley,Molina,18,4,Financial risk analyst
31839721,Peter,Mclaughlin,26,4,Graphic designer
53288196,Lisa,Marquez,21,4,"Geneticist, molecular"
95605110,James,Medina,23,6,Music therapist
84369771,Paul,Guerrero,20,6,Ship broker
2023300,Gabriel,Medina,22,5,"Engineer, agricultural"
32880529,Jacqueline,Mann,19,4,Heritage manager
7256226,John,Rodriguez,19,5,Jewellery designer
7760283,Stephanie,Gray,28,5,Surgeon
95924479,Justin,Cole,28,3,Water engineer
22178323,Jessica,Anderson,26,4,Exercise physiologist
2493774,Justin,Moore,26,1,Curator
71419530,Stacey,Romero,27,4,Public librarian
58525533,Emily,Jensen,20,3,Transport planner
72929128,Amy,Barnett,19,1,Orthoptist
73750385,Brian,Robinson,29,7,Regulatory affairs officer
57763157,Kimberly,Sullivan,30,5,Telecommunications researcher
78129688,Antonio,Meyer,28,3,"Surveyor, rural practice"
51175826,Laura,Wheeler,18,6,Oceanographer
95995120,Shawn,Davis,20,6,"Nurse, adult"
17719908,Scott,Vargas,30,5,Learning disability nurse
9279957,Colin,Garcia,23,7,Waste management officer
85294496,Jeffrey,Lane,20,1,"Nurse, learning disability"
30704689,Elizabeth,Porter,22,3,"Chemist, analytical"
59509538,Monica,Johnson,23,1,"Editor, magazine features"
94620429,Michele,Huynh,27,6,Advertising art director
16099247,Jacob,Le,27,3,Ambulance person
15540796,Wendy,Arnold,23,7,Office manager
34315914,Kimberly,Parker,25,2,"Scientist, biomedical"
13132542,Ashley,Hughes,26,5,Town planner
62842024,Cynthia,Meyers,23,4,Counsellor
84760243,Brian,Turner,24,2,Industrial/product designer
76312863,Frances,Carson,24,4,Landscape architect
5016205,Heather,Henderson,30,2,Financial planner
85972493,Anne,Hall,24,3,Sports administrator
59350444,Matthew,Lopez,27,2,Jewellery designer
95575935,John,Jones,29,3,Passenger transport manager
57815156,Paul,Taylor,23,7,Technical brewer
8966749,Amber,Saunders,21,1,Copy
16903177,Matthew,Saunders,18,4,"Librarian, academic"
9341025,Michael,Montgomery,27,6,Theme park manager
2822084,Daniel,Schwartz,26,3,Energy engineer
38267737,Monica,Holt,18,2,Marine scientist
58024083,Paul,Roberts,28,4,Insurance claims handler
87246733,William,Diaz,28,1,Mental health nurse
77214578,Amanda,Cook,20,6,"Engineer, technical sales"
39257096,Jeff,Booker,29,7,Special effects artist
85575489,Jeremy,Richard,26,4,Theatre stage manager
14445675,Alexander,Garcia,27,6,Administrator
56804836,Hunter,Williams,20,7,Sub
97481051,Tammy,Brown,27,3,"Engineer, land"
9136602,Micheal,Curtis,21,5,Copy
48983048,Carlos,Parker,22,2,Sports coach
39403571,Micheal,Lawrence,22,1,"Horticulturist, commercial"
40693393,Kenneth,Boyd,25,4,Art therapist
4999926,Jacob,Lawrence,24,7,Curator
34194167,Donna,Delacruz,21,2,Magazine journalist
86514155,Margaret,Garcia,20,4,Curator
35681443,Carol,Wyatt,30,7,Oncologist
28701906,Alexander,Wyatt,28,2,Press sub
29585595,Matthew,Stewart,20,4,"Geneticist, molecular"
34621913,Joseph,Hamilton,30,3,"Engineer, electrical"
85417550,Samuel,Sosa,24,6,Airline pilot
4756722,Deborah,Flores,26,7,Insurance broker
39407818,Peggy,Nguyen,19,1,Mining engineer
2401696,Jeffrey,Young,25,1,"Surveyor, planning and development"
79784585,Paul,Coleman,22,3,Plant breeder/geneticist
67456834,Debra,Moore,25,1,"Engineer, electrical"
32458976,Lauren,Rogers,21,4,"Engineer, maintenance (IT)"
59902271,Allison,Lester,26,6,Solicitor
18233967,Tammy,Campbell,18,4,Physiological scientist
33287131,William,Wong,24,3,Control and instrumentation engineer
86215644,Jacqueline,Hancock,19,2,Chief Technology Officer
27327274,Brianna,Parker,26,1,Chief Financial Officer
26213519,Jeffrey,Hall,27,3,Ophthalmologist
33359814,Amy,Green,30,3,Oceanographer
99737100,Cynthia,Hunter,21,2,"Psychologist, prison and probation services"
91118781,Chelsea,Villarreal,26,4,"Loss adjuster, chartered"
85028886,Jennifer,Wood,18,1,Field seismologist
69856001,Larry,Neal,26,3,Sales executive
92863735,Deanna,Rivers,29,3,Wellsite geologist
80563560,Christopher,Duran,21,6,Medical physicist
11874110,Andrew,Miller,18,1,Sales promotion account executive
51577838,Christine,Collins,23,2,Physiological scientist
12926599,Robert,Fry,29,6,Video editor
73974677,Stephen,Khan,18,1,Clinical cytogeneticist
11561618,Michael,Alvarado,23,5,Warden/ranger
19029595,Gregory,Watson,24,2,"Programme researcher, broadcasting/film/video"
38980987,Briana,Barnes,28,1,Copy
80248890,Anthony,Johnson,20,4,Orthoptist
41658059,Katherine,Levine,20,7,Lobbyist
45971320,Nicole,Hines,18,5,Tourist information centre manager
82698899,Joel,Perry,25,3,Multimedia specialist
75214049,Leon,Hayes,26,1,Restaurant manager
37568863,Jeremy,Stark,24,1,Geoscientist
1084120,Alan,Thompson,28,2,Advertising account planner
62055870,David,Smith,28,4,Tourism officer
56964682,Carol,Harmon,18,3,Public affairs consultant
43051709,Brian,Hoffman,30,4,Broadcast engineer
83427080,Regina,White,25,3,"Teacher, primary school"
41313964,Bradley,Morris,25,5,Structural engineer
36196578,Sara,Turner,25,7,Equities trader
21962069,Thomas,Lopez,25,4,Advice worker
37758821,Janet,Garcia,27,1,Jewellery designer
91635218,Lisa,Allen,28,1,English as a second language teacher
85037675,Kathleen,Phillips,30,1,"Research officer, government"
56822571,Jennifer,Evans,28,4,"Pharmacist, hospital"
98725881,Veronica,Larson,20,5,Garment/textile technologist
77992584,Steve,Lynch,22,2,"Surveyor, mining"
34939034,Juan,Maynard,19,7,Forensic scientist
99482153,Patricia,Gill,23,3,IT technical support officer
90042140,Valerie,Farrell,21,7,Insurance broker
75391000,Jonathon,Black,29,2,Office manager
77535872,Brandi,Duncan,30,1,Child psychotherapist
11170896,William,Owens,23,1,Tax adviser
57420480,Lisa,Sloan,20,7,Heritage manager
73976064,Colleen,Brown,27,5,Government social research officer
42533761,Daniel,Howard,26,7,Network engineer
45853854,Ashley,Smith,19,2,Water quality scientist
48115609,Nicole,Jones,20,7,Bonds trader
58313729,Michael,Frank,28,3,"Administrator, sports"
3031550,Richard,Sutton,26,6,Animal nutritionist
58246554,Melinda,Jordan,24,6,Newspaper journalist
66557846,Matthew,Brown,22,4,Clinical molecular geneticist
94429063,Heather,Hardy,24,1,Ophthalmologist
68997142,Gail,Williams,28,3,Conference centre manager
64938749,Mia,Ward,28,4,"Programmer, applications"
2241696,Lisa,Silva,23,2,Community pharmacist
91998794,Janice,Barnes,24,6,Financial planner
22063861,Maria,Jimenez,20,2,Product manager
92379243,Mitchell,Mendoza,26,6,Firefighter
33283346,Evan,Hernandez,29,3,Health visitor
27070494,Stephanie,Jones,20,5,Illustrator
97395962,Steven,Martinez,20,7,Records manager
18454749,Daniel,Gilbert,29,5,"Administrator, education"
9696509,Jeffery,Barron,27,4,Conference centre manager
90168518,Troy,Knight,30,3,"Teacher, adult education"
70384182,John,Peters,25,3,Sports development officer
73050684,Pamela,Friedman,21,2,"Editor, commissioning"
920174,Charles,Martin,22,5,Microbiologist
31498169,Jessica,Williams,19,4,Estate agent
26461054,David,Fuller,26,1,"Geneticist, molecular"
96387392,Michael,Proctor,26,6,Race relations officer
56432206,Vincent,Zimmerman,20,5,Archivist
21409569,Brooke,Fischer,22,4,Lawyer
90375048,Sylvia,Solis,29,7,Estate agent
16805761,Shannon,Lewis,19,5,"Designer, multimedia"
6184650,Scott,Jones,21,3,Scientific laboratory technician
51122216,Laura,Thompson,20,2,Chief Financial Officer
24244195,Evelyn,Conway,27,2,Television production assistant
68633934,Rebecca,Robinson,25,5,"Scientist, forensic"
34435074,Robert,Wagner,29,5,Counsellor
91742513,Eric,Moore,24,3,"Scientist, biomedical"
95443735,David,Allison,24,1,Fish farm manager
99276657,Robin,Reyes,25,3,"Scientist, product/process development"
39435870,Teresa,Wells,22,3,Actuary
60984274,Jessica,Robinson,22,2,Occupational psychologist
70495964,Kristen,Solomon,18,1,Diagnostic radiographer
48447804,Jonathan,Sampson,21,2,Mining engineer
38953891,Tracy,Cooper,25,4,Television production assistant
5320498,Aaron,Todd,23,5,Media planner
13131965,Beverly,Newman,28,3,Air cabin crew
94797946,Jill,Espinoza,27,3,"Production assistant, radio"
73145877,Margaret,Nelson,27,3,"Designer, interior/spatial"
76988695,Curtis,Williams,20,7,Brewing technologist
13070403,Tiffany,Newton,28,7,Human resources officer
47898461,Michael,Mcgrath,21,5,Sports therapist
81250823,Matthew,Chavez,24,4,"Surveyor, hydrographic"
34428848,Maurice,Lee,29,2,Contracting civil engineer
33923936,Debra,West,27,3,Press sub
74931544,Timothy,Williamson,26,3,Communications engineer
14508419,Daniel,Baker,22,3,Comptroller
7266715,Phillip,Jones,19,5,Hydrologist
56227533,Steven,Castro,26,4,"Pilot, airline"
84156349,Vernon,Brown,23,6,Dramatherapist
44872182,Kevin,Clayton,28,6,Sub
17902720,Brian,Ellis,26,1,Sub
60037224,Crystal,Foster,30,1,Industrial buyer
28619146,Eric,Young,19,6,Environmental manager
82229521,Daniel,Mckinney,20,3,"Administrator, arts"
43006538,Jessica,Olson,26,2,Risk analyst
74136317,Kristin,Perry,23,3,Charity officer
69445063,Justin,Franklin,26,2,Aeronautical engineer
53110014,Samantha,Collins,26,7,"Engineer, manufacturing systems"
98017219,Francis,Graham,22,2,Legal secretary
62616639,Sharon,Nelson,26,5,Brewing technologist
25599526,Amanda,Terrell,19,6,Logistics and distribution manager
61031928,Jason,Salas,29,1,"Designer, fashion/clothing"
71801159,Ernest,Mcclain,21,3,Therapeutic radiographer
46393667,James,Jones,21,6,Animal nutritionist
72694533,Patricia,Peterson,21,1,Electrical engineer
46218447,William,Torres,30,1,Private music teacher
6562584,Hannah,Hodges,25,3,Counselling psychologist
80651099,Alison,Johnson,27,7,Careers information officer
94767476,Melissa,Martinez,27,3,Soil scientist
90715335,Mary,Wright,28,3,Community pharmacist
92412062,Kristin,Ortiz,22,1,"Engineer, broadcasting (operations)"
84082740,Tammy,Mclaughlin,23,3,"Production designer, theatre/television/film"
74763426,Sarah,Summers,24,5,"Designer, textile"
91828479,Mark,Hale,30,4,Petroleum engineer
24392570,Luke,Erickson,22,5,Psychiatrist
4956057,Amanda,Smith,25,5,Animator
21052930,Joshua,Fields,26,5,"Administrator, local government"
39472533,Mary,Miller,24,4,Chief Operating Officer
63433075,Brandon,Becker,27,4,Aid worker
29766399,Patty,Dunlap,18,3,Freight forwarder
7632734,Charles,Bond,19,4,"Engineer, civil (consulting)"
88830918,James,Stanley,30,4,Psychotherapist
92034937,Albert,Poole,30,7,Freight forwarder
91574946,Devin,Robbins,28,6,Hospital doctor
62499244,Jonathan,Mercer,26,1,Lexicographer
86859044,Wayne,Martinez,28,4,Marine scientist
55645870,Valerie,Garcia,26,3,"Engineer, mining"
1154387,Angela,Patton,26,3,"Engineer, energy"
84487794,Zachary,Rodriguez,20,2,Art gallery manager
44521427,Emily,Hicks,20,5,Press sub
9129359,Linda,Nelson,26,5,Production manager
57661918,Alexis,Ferguson,18,1,"Journalist, magazine"
99817438,Patrick,Williams,28,4,Environmental education officer
62618131,Cynthia,Waters,23,3,Chartered legal executive (England and Wales)
73871029,Linda,Ferrell,20,6,"Buyer, retail"
86189446,Briana,Hernandez,27,2,Technical sales engineer
68862723,Carol,Garcia,27,6,Armed forces training and education officer
82461714,Leah,Hudson,23,1,Theatre manager
85320035,Joseph,Jones,29,5,Air cabin crew
25178830,Robert,Barnes,23,5,Psychiatric nurse
72363353,Amy,Robinson,21,4,Best boy
63790839,James,Mata,22,6,Accounting technician
32778684,Frank,Smith,22,7,Dietitian
12448661,Rachael,Tyler,21,6,"Conservation officer, nature"
79815864,Patrick,Cruz,24,4,Clinical molecular geneticist
50100963,Lawrence,Joseph,25,2,"Psychologist, occupational"
4700160,Melinda,Miller,24,3,Claims inspector/assessor
86917355,Kelly,Buck,26,1,Jewellery designer
26747498,Sabrina,King,29,7,Research scientist (medical)
51995056,Kaitlyn,King,26,7,Occupational therapist
63194998,Jonathan,Esparza,18,7,Biomedical scientist
83906274,Frank,Daniel,19,5,Architect
60659024,Beth,Snyder,24,7,"Engineer, automotive"
38237605,Jessica,Harper,28,4,Newspaper journalist
41519948,Darren,Bennett,30,1,"Research officer, political party"
7990357,Nancy,Gray,27,2,Metallurgist
8550075,Joseph,Koch,25,1,Prison officer
89512211,Betty,Shaw,18,7,"Designer, industrial/product"
41863280,Andrew,Olson,26,2,"Scientist, research (medical)"
32255417,Judy,Dunn,28,2,Editorial assistant
44324334,Brandon,Gonzales,21,5,Architectural technologist
66539248,Brittany,Lutz,22,4,Patent attorney
42415983,Joseph,Wallace,22,4,Sales executive
3435353,Nicholas,Snyder,18,5,Games developer
11324130,Douglas,Ellis,20,6,"Designer, industrial/product"
83052655,Brenda,Golden,18,5,Translator
25066128,Briana,Parker,19,7,"Education officer, museum"
98653248,Amy,Wagner,23,1,Adult nurse
64702923,Melissa,Steele,20,6,"Engineer, biomedical"
45710414,Samantha,Krueger,29,3,Speech and language therapist
75348688,Wayne,Willis,22,1,Public relations account executive
38659384,Jonathan,Franco,30,2,Dealer
78875647,Patricia,Kelley,24,2,Jewellery designer
50772439,John,Dudley,19,6,Marine scientist
56368735,Tina,Black,23,2,"Psychologist, occupational"
16610171,Tony,Davis,24,6,"Editor, commissioning"
2785310,Kelly,Castillo,19,2,Chartered accountant
80071667,William,Torres,30,7,Health and safety adviser
36776802,Jennifer,Ryan,29,3,Chartered loss adjuster
4963181,Joe,Jones,30,3,Public librarian
78858548,William,Roberts,28,5,Production engineer
1526038,Elizabeth,Turner,26,4,Database administrator
73643221,Hunter,Johnson,21,3,Industrial buyer
54675407,Dean,Roberts,28,4,"Surveyor, building"
24405707,Kenneth,Colon,18,1,Data scientist
39707211,Mary,Zimmerman,30,1,Insurance broker
37592764,Gregory,Reid,27,5,Holiday representative
90685197,Noah,Soto,21,1,Curator
94736203,Adriana,Arellano,20,5,"Engineer, petroleum"
80269473,Jordan,Rodriguez,29,6,Site engineer
81430135,Paul,Johnson,29,6,Special effects artist
53938442,Laurie,Mata,19,1,Manufacturing systems engineer
80219382,Andrew,Espinoza,26,2,"Programmer, multimedia"
87098135,Joseph,Warren,23,5,Education administrator
39548646,Timothy,Pitts,22,3,Human resources officer
97997643,Seth,Gilmore,30,3,Magazine journalist
94263939,Shane,Mckenzie,21,2,Licensed conveyancer
18789585,Rachel,Howell,30,3,Chartered certified accountant
63837349,Lauren,Meyer,22,1,Youth worker
80351523,Brittany,Gonzalez,18,6,Chartered certified accountant
73679591,Dylan,Brown,19,5,Firefighter
71246043,Jesse,Lee,26,5,"Accountant, chartered management"
37647231,Susan,White,26,5,Actuary
10075413,David,Morales,28,7,"Education officer, environmental"
6031587,Bridget,Wilson,23,3,Chartered certified accountant
13699349,William,Guzman,26,5,Product designer
16760837,Patrick,George,25,1,"Therapist, speech and language"
87054161,Erin,Martin,25,1,Geophysical data processor
36819189,Devin,Hill,18,2,Audiological scientist
64374474,Kristin,Carter,22,5,Ergonomist
7010898,Jennifer,Smith,23,5,"Buyer, retail"
67772236,Julia,Taylor,24,1,Adult nurse
49525026,Haley,Farmer,18,7,Speech and language therapist
67751336,Elizabeth,Santos,26,7,Ranger/warden
97436880,Richard,Hines,25,6,Operational researcher
21234409,Sheila,Ewing,24,4,Animal nutritionist
352766,Kelly,Chambers,18,6,Commissioning editor
33696300,Kelsey,Taylor,23,3,Industrial/product designer
55185767,Nancy,Carpenter,23,1,"Designer, furniture"
596048,Amber,Lawson,23,4,Special educational needs teacher
16281630,Jeffrey,Stevens,29,2,Immigration officer
18986355,Alyssa,Reynolds,30,3,"Research officer, political party"
45781475,Kathryn,Williams,19,2,Environmental consultant
53606840,Jeffrey,Stephens,22,6,Data processing manager
92839902,Emily,Johnson,23,2,Seismic interpreter
52627265,Harry,Dean,23,7,Market researcher
43491841,April,Kidd,21,7,Advice worker
54970098,Kelsey,Rhodes,25,3,"Scientist, audiological"
85002295,Kaitlyn,Hogan,28,2,Warden/ranger
92525559,Natalie,Larsen,21,5,"Engineer, structural"
94131952,Kevin,Baker,29,7,Special educational needs teacher
77467856,Devon,Lara,20,6,Clinical cytogeneticist
12389482,Stephanie,Wise,18,6,"Engineer, agricultural"
45899699,Perry,Sanchez,29,2,Ergonomist
52603792,Julie,Smith,18,5,Insurance underwriter
76864089,Susan,Perry,28,2,Dietitian
59424962,Shannon,Fisher,29,7,"Lecturer, further education"
59684449,Pamela,Rodriguez,23,6,Research scientist (life sciences)
43250652,Anthony,Pierce,21,1,Civil Service administrator
92924410,Brandon,Brown,29,2,Mudlogger
32794395,Jeffrey,Alvarado,23,2,"Research officer, political party"
56998925,Patrick,Johnson,18,5,Energy manager
53377576,Jamie,James,28,1,"Lighting technician, broadcasting/film/video"
34218174,Suzanne,Davis,26,7,Chartered management accountant
84316941,Mary,Young,26,4,"Engineer, aeronautical"
46758863,Gregory,Hanna,25,1,Actuary
98499822,Lori,Graham,20,7,Operational investment banker
31592053,Tina,Cochran,19,3,"Development worker, community"
82553294,Kyle,Mayo,28,1,Medical illustrator
13411089,Ashley,Howard,27,2,Land
88321073,Mary,Davis,22,5,Special educational needs teacher
66622315,Elizabeth,Fuentes,22,6,Make
92686212,Patricia,Johnson,28,4,Newspaper journalist
13156718,Scott,Drake,19,1,Air broker
26941158,Tiffany,Landry,26,7,Market researcher
4287842,Joseph,Hensley,26,4,Tourist information centre manager
32059114,Heidi,Carlson,20,5,TEFL teacher
16418399,Robert,Smith,21,6,Financial manager
55187855,Megan,Rios,20,5,Food technologist
3524600,Claudia,Cruz,22,3,"Horticulturist, commercial"
70964474,Justin,Sanchez,28,7,Speech and language therapist
83514545,Charles,Collins,20,1,Event organiser
77540947,Malik,Scott,25,2,Illustrator
63429878,Kelly,Barber,23,5,Merchant navy officer
77453103,Melanie,Larson,27,1,"Therapist, sports"
64367160,Paul,Williams,27,1,Economist
47096935,Kevin,Jenkins,22,7,Leisure centre manager
50940286,Mathew,Henderson,24,6,Medical sales representative
12923422,Margaret,Stewart,23,4,"Teacher, primary school"
15320475,Ashley,Dyer,18,5,Financial manager
65640024,Anthony,Sanchez,27,5,Associate Professor
43507015,Randy,Rice,26,7,"Presenter, broadcasting"
21131244,Larry,Jacobs,27,5,Call centre manager
3607176,Dustin,Clark,19,7,Media planner
8884498,Thomas,Gutierrez,23,4,"Scientist, water quality"
64322219,James,Collier,29,7,"Programme researcher, broadcasting/film/video"
87119169,Courtney,Wilson,28,5,Insurance broker
45977612,Robert,Middleton,28,3,Proofreader
82757486,Dominic,Klein,21,5,Medical secretary
73014635,Joshua,Sandoval,23,7,Animal nutritionist
95691737,Chad,Adams,22,4,Water quality scientist
46971388,Dennis,Knight,19,2,Adult nurse
86696362,Bailey,Moran,21,7,"Biochemist, clinical"
97072252,Jeffrey,Campbell,30,2,Horticultural therapist
11007940,Patrick,Haynes,24,3,Paediatric nurse
1790053,Valerie,Bowers,29,2,Analytical chemist
64871356,Lindsey,Gallagher,22,3,Architectural technologist
29733884,Stephanie,Watts,25,7,Petroleum engineer
84274301,Joshua,Price,19,6,Medical secretary
86153571,Sandra,Fox,20,6,Fine artist
7916933,Ashley,Williams,28,2,Chartered loss adjuster
73659490,Katrina,Jones,22,7,"Journalist, magazine"
45006837,Todd,Smith,30,1,"Editor, film/video"
42347343,Denise,Martinez,21,7,"Designer, blown glass/stained glass"
37019611,Kathryn,Johnson,26,2,Horticultural consultant
40462142,Rachel,Hill,26,3,Senior tax professional/tax inspector
97832148,Kevin,Lawrence,28,7,Event organiser
60978796,Christopher,Luna,29,1,"Production assistant, radio"
99800603,Brenda,Decker,26,3,Claims inspector/assessor
71125310,Ronald,Velasquez,18,3,Clinical psychologist
54914215,Walter,Jones,19,7,Immunologist
94982412,John,Chan,19,3,Therapeutic radiographer
4580007,Natalie,Martinez,26,3,Financial controller
95081634,Jessica,Russell,23,6,Paediatric nurse
84876667,Timothy,Young,18,5,Telecommunications researcher
81066833,Alicia,Sanchez,18,4,Ceramics designer
73063572,Dawn,Jones,24,3,"Designer, blown glass/stained glass"
78809134,Spencer,Camacho,26,1,Outdoor activities/education manager
43924686,Lauren,Santos,20,3,"Administrator, arts"
75908379,Steven,Smith,26,1,Claims inspector/assessor
89520894,Peter,Kelly,26,7,Child psychotherapist
67707568,Kiara,Best,27,1,Telecommunications researcher
34729614,Angela,Rose,20,1,Set designer
3007252,John,Osborne,29,5,Sport and exercise psychologist
55803190,Sheryl,Greene,18,4,Estate manager/land agent
47708909,Nicole,Lewis,24,1,Biomedical engineer
50002339,Tracy,Smith,18,5,"Optician, dispensing"
91824139,Matthew,Hood,22,7,Chartered legal executive (England and Wales)
58037575,Yesenia,Little,23,1,Furniture designer
16335566,Jessica,Mitchell,26,4,Training and development officer
1890892,Tiffany,Davies,22,6,"Geneticist, molecular"
31097811,William,Harvey,24,3,Biomedical engineer
22088574,Aaron,Knight,24,6,"Accountant, chartered"
7386727,Joel,Hahn,18,1,Tax inspector
48197582,Kayla,Clarke,25,3,"Engineer, land"
84719173,Henry,Olson,29,7,Photographer
44710962,Daniel,Brewer,30,6,Systems developer
20780525,Austin,Alvarado,22,2,Industrial/product designer
41302672,Maurice,Good,25,3,Forensic psychologist
4854622,Jose,French,28,1,Education administrator
88905555,Charles,Hawkins,28,2,Economist
64780221,Lauren,Krueger,26,6,Insurance account manager
80723001,Joseph,Preston,21,4,Primary school teacher
47612932,Mark,Patel,27,7,"Runner, broadcasting/film/video"
64387742,Brandon,Lloyd,19,3,Arts development officer
68404127,Miranda,Duffy,21,7,"Surveyor, insurance"
70843150,Danny,Baldwin,27,3,Learning mentor
93053932,Alexander,Lewis,28,5,IT consultant
2047136,Sarah,Wolf,29,1,"Presenter, broadcasting"
64518907,Shelby,Gilbert,30,5,"Copywriter, advertising"
83568886,Tonya,Johnson,30,7,"Secretary, company"
85687913,Jessica,Wilson,26,6,Advice worker
62880489,Jacob,Ford,18,3,Brewing technologist
21682380,Janet,Mitchell,28,3,Technical author
38874637,Lisa,Murray,27,4,"Scientist, marine"
5573305,Seth,Patel,28,2,Optometrist
51365684,George,Livingston,23,7,"Scientist, biomedical"
15779411,Rebecca,Thomas,27,2,Advice worker
79883488,Cheryl,Woodward,29,2,Biomedical engineer
38470047,James,Cruz,29,1,Camera operator
44250973,Diana,Frazier,24,5,Field seismologist
95173270,Victoria,Munoz,26,6,Music tutor
77021656,Mark,Jacobson,21,7,Oncologist
97557142,Angela,Brown,24,2,Consulting civil engineer
99043765,April,Ruiz,19,3,Chartered certified accountant
99859052,Dylan,Mitchell,24,7,Financial planner
49536247,Karl,Mclaughlin,25,6,Environmental health practitioner
19845234,Jason,Shaw,21,4,Oncologist
91647575,Bill,Walker,30,7,Environmental education officer
78615805,Timothy,Wilkins,30,1,Cabin crew
15365980,Robert,Wilcox,26,3,Private music teacher
11229573,Theresa,Martin,28,6,Cartographer
19733062,Michael,Mitchell,28,6,"Administrator, charities/voluntary organisations"
95840441,Cindy,Jones,20,1,Museum/gallery conservator
29612471,Linda,Warren,22,3,Hydrogeologist
52284820,Emily,Blake,18,4,"Doctor, hospital"
90934597,Erin,Fuller,18,1,Training and development officer
45335916,Brittany,Cuevas,30,7,Insurance account manager
15749561,John,Thomas,21,2,"Engineer, drilling"
73227506,Crystal,Shields,24,1,"Research officer, government"
55372351,Deborah,Haynes,29,1,"Psychologist, prison and probation services"
81243204,Jennifer,Harris,25,4,"Engineer, electronics"
70742141,Anthony,Stout,22,2,Insurance broker
30754505,Sarah,Hood,25,5,Ambulance person
94653442,Ronald,Key,18,3,"Engineer, agricultural"
9693125,Shannon,Ferguson,26,3,Database administrator
50041450,Adrian,Johnson,28,4,Equality and diversity officer
1845491,Terri,Jacobs,19,3,"Sales professional, IT"
46991009,Crystal,Johnson,25,3,"Psychologist, sport and exercise"
97396388,Paul,Matthews,24,7,"Designer, graphic"
26549415,Paula,Barrett,19,7,"Designer, blown glass/stained glass"
59090986,Maria,Jackson,22,7,Occupational hygienist
25241812,Patrick,Butler,18,3,"Engineer, civil (contracting)"
31387648,Sydney,Wright,29,1,Legal executive
39976055,Caitlin,Guzman,26,4,Event organiser
87166129,Steven,Davis,21,6,Clinical biochemist
41612228,Kristin,Dunn,27,6,Furniture conservator/restorer
93824543,Christopher,Taylor,22,2,Leisure centre manager
65549863,Russell,Thompson,29,5,"Engineer, broadcasting (operations)"
25006289,Cynthia,Hernandez,20,1,Community education officer
26150695,Julia,Hunter,29,7,Quantity surveyor
23189057,Jonathan,Tran,27,7,Educational psychologist
83410096,Eric,Williams,27,7,"Surveyor, commercial/residential"
13406900,William,Cooper,21,3,"Producer, television/film/video"
16888064,Brenda,Mathews,25,5,Company secretary
35725033,Sheri,Snyder,29,3,Paramedic
18019608,Todd,Jones,19,7,Barista
24039297,Derek,Kirk,24,7,Fisheries officer
3832548,Brandon,Rogers,20,2,Art gallery manager
65574247,Heidi,Arnold,29,5,Wellsite geologist
50878894,Nicole,Morales,19,2,"Production assistant, television"
86932826,Casey,Walton,18,5,"Surveyor, land/geomatics"
71035096,Benjamin,Cardenas,27,2,Hospital doctor
82544538,Lauren,Williams,22,4,"Engineer, water"
18792415,Alice,Barron,19,7,"Therapist, nutritional"
27218754,Kerry,Spence,20,3,Nature conservation officer
67106969,Elizabeth,Johnston,20,2,Research scientist (life sciences)
83278559,James,Tyler,27,5,"Solicitor, Scotland"
71155601,Amber,Foster,25,1,Tourism officer
18123644,Michael,Grant,21,1,"Solicitor, Scotland"
93844743,Dalton,Hall,23,3,Production manager
32393024,Ricky,Adams,21,7,Translator
63190300,Christopher,Brown,27,6,Tree surgeon
50949875,Rachel,Martin,26,2,Database administrator
80762210,Jeffrey,Williams,24,2,Plant breeder/geneticist
91261939,Kevin,Fields,25,5,Higher education lecturer
95251878,Stanley,Kennedy,27,6,Oncologist
66500401,Samuel,Johnson,21,3,Commissioning editor
86462716,Charles,Greene,23,7,Operations geologist
34044067,Susan,Brown,30,4,Games developer
18214528,Richard,Reynolds,29,3,Social researcher
37987283,Elizabeth,Alvarez,28,2,"Designer, blown glass/stained glass"
36047114,Jennifer,Murphy,26,6,Community pharmacist
67898406,Donald,Ortiz,27,4,"Therapist, drama"
46418787,Jerry,Lopez,24,3,Community arts worker
21185507,Joseph,Williams,26,4,Tour manager
58382939,William,Kelly,26,2,"Conservator, museum/gallery"
10102483,Misty,Foster,26,3,"Administrator, education"
11893504,Michelle,Foley,27,6,Automotive engineer
88281313,Kimberly,Thornton,29,7,Data scientist
43998279,Alan,Nguyen,23,1,"Designer, jewellery"
69153598,Lisa,Johnson,21,2,Soil scientist
99686131,Brianna,Davis,22,5,Warehouse manager
37305487,Aaron,Rodriguez,20,3,Meteorologist
46314630,Robin,Anderson,29,2,Community pharmacist
12042763,Linda,Knight,28,5,Database administrator
58048633,Ann,Martinez,26,2,Immigration officer
47830399,Amy,Williams,30,7,"Presenter, broadcasting"
31563725,David,Craig,20,7,Data processing manager
71008352,Joshua,Powers,25,3,Telecommunications researcher
30731106,Larry,Hernandez,30,5,"Programmer, multimedia"
64718199,Darlene,Mendoza,29,4,"Pilot, airline"
91725845,Ryan,Matthews,29,5,Patent examiner
22401162,Janet,Herring,23,3,Secondary school teacher
94563780,Christine,Wong,24,7,Information officer
15514442,David,Day,20,1,Theatre manager
26843246,John,Johnson,28,2,"Librarian, academic"
4617728,Danielle,Cruz,21,1,Chiropractor
23603087,Molly,Jones,24,7,Mechanical engineer
10386435,Steven,Harris,21,4,Paediatric nurse
37613403,Elizabeth,Rios,21,4,Medical secretary
88596553,Tyrone,Massey,26,6,Amenity horticulturist
81224473,Anita,Foley,18,7,Systems analyst
29567152,Lisa,Greene,18,3,Patent attorney
13992269,Cody,Stevens,21,5,"Conservator, museum/gallery"
4725310,Eric,Newman,29,5,Meteorologist
51812972,Travis,Gallagher,22,1,Herpetologist
56358236,Eddie,Daniels,25,3,Recruitment consultant
80571205,Timothy,Blankenship,28,3,"Loss adjuster, chartered"
79086246,Robin,Johnson,20,5,Product designer
24758109,Elizabeth,Castaneda,25,3,Hydrologist
83265205,Scott,Jackson,26,7,Clinical embryologist
25150547,Henry,Cooper,26,3,"Scientist, biomedical"
44996505,Jason,Jackson,29,3,"Sales professional, IT"
91491007,Nathaniel,Mckay,25,1,Bonds trader
79290407,Elizabeth,Mooney,20,3,Communications engineer
97111988,Charles,Rodriguez,28,2,Trade mark attorney
77803005,Tara,Osborne,27,4,Broadcast presenter
25717369,Javier,Sanchez,30,7,Corporate investment banker
52823357,Raymond,Smith,23,4,Building services engineer
17250927,Elizabeth,Guerrero,23,1,Hydrographic surveyor
25789032,Norman,Gordon,30,6,International aid/development worker
94127630,Kimberly,Jackson,28,6,Counselling psychologist
4003737,Andrea,Gates,21,5,"Pharmacist, hospital"
5240771,Ashley,Williams,24,7,"Surveyor, commercial/residential"
664432,Duane,Martin,27,7,Armed forces technical officer
12103810,Linda,Blevins,27,7,Barrister's clerk
36862740,Alexander,Watkins,21,4,Mechanical engineer
77417765,Kenneth,Rowland,20,2,Landscape architect
77821811,Tammy,Flores,25,3,IT technical support officer
26650434,Ashlee,Stevenson,18,2,"Geneticist, molecular"
72181197,Teresa,Gray,30,1,Wellsite geologist
10537939,Samantha,Johnson,27,1,Further education lecturer
87435349,James,Adkins,28,5,"Production designer, theatre/television/film"
42061716,Michael,Berry,21,6,Catering manager
47535173,Brenda,Scott,26,4,Dispensing optician
31013328,Sandy,Mcpherson,21,7,Electrical engineer
73521149,Donna,Walters,22,1,Recruitment consultant
59431402,John,Gibson,23,1,"Scientist, product/process development"
96618048,Denise,Pearson,26,1,Music therapist
23888243,David,Stokes,29,1,Conference centre manager
80832855,Francisco,Byrd,30,5,"Editor, film/video"
80935040,Tracy,Reed,23,2,Race relations officer
38047794,Eric,Holmes,30,1,"Lighting technician, broadcasting/film/video"
53144888,Benjamin,Williams,30,1,"Programmer, multimedia"
52586023,Brittney,Ramsey,23,4,Immunologist
50694823,Elizabeth,Reynolds,21,5,Ceramics designer
64327490,Troy,Price,19,1,Camera operator
41973471,Brian,Nicholson,29,4,Charity fundraiser
97650119,Lisa,Patton,20,2,"Sound technician, broadcasting/film/video"
31700057,Angela,Jenkins,23,3,Fast food restaurant manager
56083068,Manuel,Jones,21,1,Town planner
83853504,Rachel,Flores,27,4,Podiatrist
72985051,Eric,Jackson,27,3,Financial controller
72250401,Nicholas,Chapman,25,4,"Designer, industrial/product"
99221485,Margaret,Ferguson,22,7,Biomedical engineer
54909989,Andrew,Armstrong,23,6,"Engineer, control and instrumentation"
16466824,Teresa,Benitez,27,5,Restaurant manager
67367670,Sonya,Mcclure,30,7,Herpetologist
17297508,Kevin,Robinson,25,2,Management consultant
9183669,Ryan,Richardson,20,6,Insurance underwriter
57386057,David,Ruiz,22,5,Location manager
90924689,Lee,Rojas,21,7,Licensed conveyancer
54738996,Cody,Abbott,29,6,"Engineer, mining"
98352595,Patricia,Everett,22,4,"Psychologist, clinical"
38116492,Ryan,Reyes,22,6,"Surveyor, insurance"
69186665,Rodney,Johnson,27,7,IT trainer
8309250,Robert,Mcclure,28,4,Community development worker
7167730,Michael,Cruz,29,5,Charity officer
308773,Alicia,Dyer,18,6,Actor
14168467,Sarah,Neal,20,2,"Radiographer, therapeutic"
76905754,Sean,Graves,26,6,"Designer, industrial/product"
35633226,Ashley,Fuller,27,6,"Conservation officer, nature"
7367230,William,Proctor,30,6,Farm manager
31974043,Jamie,Phillips,21,4,"Production assistant, television"
15796544,Elizabeth,Ramirez,19,7,Forest/woodland manager
14911316,Ronald,Kennedy,22,6,Civil Service administrator
24260448,Laurie,Smith,26,6,Quarry manager
65085081,Jennifer,Mendoza,28,1,English as a second language teacher
22190716,Kimberly,Clark,27,5,Production manager
44252857,Nicholas,Hester,19,6,Microbiologist
8675427,Rachel,Martinez,22,2,Environmental education officer
98441527,Susan,Davis,24,4,Video editor
65609969,Michael,Davis,27,7,Counsellor
80668077,Jonathan,Martinez,18,4,"Programmer, applications"
4815651,Adam,Martin,28,4,Public affairs consultant
96397530,Sherry,Frederick,30,7,Information systems manager
29548125,Julie,Rodriguez,30,3,Learning mentor
89965643,Ashley,King,20,5,Exhibition designer
32670941,Wayne,Blake,23,3,Electronics engineer
8441405,Phillip,Knight,26,7,"Journalist, broadcasting"
27682261,Angela,Wiley,27,3,"Engineer, maintenance (IT)"
65297083,Shane,Shepherd,25,3,Trading standards officer
25631486,Barry,Walker,27,2,Actor
47216542,Phillip,Brown,26,2,"Engineer, energy"
6582159,Kelsey,Padilla,24,3,"Teacher, adult education"
55016597,Sarah,Mcgee,24,1,"Surveyor, insurance"
75386271,Elizabeth,Sullivan,20,6,Actuary
54529578,Jason,Smith,20,3,Risk manager
75224839,Jeffrey,Gonzalez,24,3,"Designer, jewellery"
30836264,Ronald,Gibson,18,3,Warehouse manager
74418178,Daniel,Lee,21,7,Banker
6770429,Nancy,Rogers,28,5,Research scientist (maths)
38598656,Kimberly,Roberts,28,6,Public librarian
50887770,Stephen,Gibbs,23,5,Charity fundraiser
51130664,Joe,Anderson,24,4,Food technologist
65721910,Jeffery,Anderson,23,5,"Designer, multimedia"
43222227,Amy,Lee,19,1,Town planner
59484930,Anna,Armstrong,22,3,Fish farm manager
23793344,Matthew,Neal,25,5,Magazine journalist
37804948,Karen,Wright,25,5,Quality manager
96536263,Dustin,Harmon,28,1,Biomedical scientist
7843023,Judith,Rivera,28,7,Hotel manager
1701714,Margaret,Brooks,22,7,Tour manager
85532033,Mary,Harris,20,4,Transport planner
91238397,Cheryl,White,23,6,"Surveyor, building"
88155728,William,Singh,29,3,"Scientist, product/process development"
93745448,Tim,Norman,26,4,Forensic psychologist
17800986,Sandra,Thomas,21,7,"Engineer, civil (contracting)"
90615854,Debbie,Walker,29,1,Records manager
85217995,Steven,Rhodes,23,2,Mudlogger
49217333,Stephen,Smith,22,1,Social researcher
79355331,Crystal,Scott,26,7,Interpreter
11743461,Jessica,Perry,22,5,Public relations officer
94130542,Heather,Gates,22,1,Public affairs consultant
97988476,Johnathan,Palmer,28,4,Biomedical engineer
77738363,Maria,Cole,20,3,Pathologist
56202498,Keith,Brown,20,3,"Engineer, broadcasting (operations)"
5958274,Jennifer,Townsend,27,1,Television floor manager
3437521,David,White,25,6,Editorial assistant
83139885,Jennifer,Gilbert,25,6,Immigration officer
8911829,Matthew,Avila,25,2,Soil scientist
74502294,Preston,Reed,28,3,Armed forces operational officer
3777955,Timothy,Berg,26,2,Games developer
14805456,John,Wilson,30,2,Automotive engineer
87243150,Matthew,Weeks,30,3,Museum education officer
75476402,Michelle,Martinez,22,4,Ceramics designer
58872348,Shannon,Livingston,28,2,Clinical biochemist
7478752,Kimberly,Frank,20,3,Museum education officer
20462980,Brandi,Marsh,23,7,Child psychotherapist
40360196,David,Hester,29,2,Special effects artist
77082575,James,Rios,28,2,Site engineer
22310385,Steven,Carter,20,6,"Designer, industrial/product"
82889044,Jose,Miller,20,3,Aeronautical engineer
54873279,Robert,Graham,28,5,Theme park manager
20420191,Lori,Berg,30,6,Careers information officer
40690234,Tyler,Mccarty,24,6,Newspaper journalist
87150624,Sydney,Smith,24,7,"Engineer, materials"
9791253,Jennifer,Haynes,22,5,Pathologist
18628329,Frederick,Gilmore,26,4,Company secretary
19629182,Stephen,Williamson,26,2,Information systems manager
80110828,Alexander,Obrien,20,5,Chartered accountant
33333743,Martin,Patterson,23,4,Health and safety inspector
82238420,Scott,Reed,23,7,Recycling officer
69821762,John,Hooper,27,4,Volunteer coordinator
10534368,Joseph,Ray,22,5,Advertising account planner
60439741,Karen,Mann,18,6,Set designer
12144745,Heather,Gonzales,26,7,"Designer, television/film set"
75251428,Jennifer,Martin,19,3,"Designer, graphic"
18408934,Gregory,Wood,29,7,Herpetologist
80250953,Michaela,Harris,29,4,Cytogeneticist
81631198,Michael,Malone,30,3,Textile designer
77504265,Carol,Aguilar,30,4,Medical laboratory scientific officer
14508680,Christopher,Perkins,24,5,Dramatherapist
38735860,Paula,Salazar,23,3,Insurance claims handler
59786199,Scott,Boyd,23,7,Telecommunications researcher
17575935,Andrea,Perez,20,2,Television floor manager
15954178,Samantha,Meyer,19,2,"Doctor, hospital"
42839610,Garrett,Hall,25,1,"Programme researcher, broadcasting/film/video"
18347065,Jared,Thomas,28,2,Training and development officer
4172680,Ashley,Huerta,20,7,"Development worker, community"
5603802,Paul,Stafford,24,2,"Engineer, technical sales"
13171292,Randy,Elliott,19,7,Product/process development scientist
5027320,Erica,Elliott,18,4,Licensed conveyancer
82123843,Vanessa,Harris,19,2,Tourist information centre manager
54353918,Sharon,Martin,20,5,Fashion designer
95350956,Brandon,Hernandez,20,3,Water quality scientist
98868790,Alexandra,Larson,22,1,"Engineer, energy"
14088929,Destiny,Perry,20,2,Special educational needs teacher
58143079,Deborah,Clark,24,5,Legal secretary
85693932,Stephanie,Santiago,24,6,"Engineer, maintenance"
31533841,Adrian,Lewis,29,5,IT trainer
24083691,Wendy,Evans,28,5,Structural engineer
45454053,Sherri,Anderson,24,6,Midwife
98212244,Elizabeth,Bauer,29,4,Health visitor
24720015,Ashley,Hardy,29,5,Nature conservation officer
4377806,Adam,Lyons,21,7,Advice worker
25792155,Charles,Wallace,19,4,Medical laboratory scientific officer
57876308,Devon,Bernard,20,7,"Engineer, manufacturing"
78422673,Jennifer,Myers,20,3,Site engineer
97013895,Elizabeth,Wilson,28,3,Professor Emeritus
24913118,Brenda,Guzman,26,6,Rural practice surveyor
65185016,Lori,Wells,25,1,"Therapist, drama"
59676801,Derek,Williams,27,6,Insurance risk surveyor
32490718,Mary,Brown,26,1,Travel agency manager
3155086,Jacob,Pham,23,6,"Buyer, industrial"
98148494,Christine,Miller,28,2,"Psychotherapist, dance movement"
45387778,Patricia,Andrews,22,2,Patent examiner
88329291,Adam,Jackson,25,3,"Accountant, chartered public finance"
49082705,Jeffrey,Morris,24,6,"Designer, industrial/product"
89607948,Tammy,Smith,30,5,Recruitment consultant
23476965,Kelly,Griffin,30,4,Logistics and distribution manager
86958756,Brandon,Morales,20,3,Health and safety inspector
55193629,Danielle,Serrano,22,5,Holiday representative
39747691,Catherine,Luna,22,6,"Designer, industrial/product"
66797387,Gina,Baker,22,4,Commercial/residential surveyor
15837512,Shannon,Sanchez,25,2,Chief Executive Officer
4845956,Alexander,Haynes,26,3,Copy
2524372,Christy,Hatfield,24,7,Careers adviser
60543611,Sandy,Campbell,25,4,"Designer, exhibition/display"
33695807,Marissa,Harris,18,1,Insurance claims handler
36413664,Anthony,Jones,22,5,Counselling psychologist
38853149,Robert,Barton,30,1,Horticultural therapist
57314277,Tammy,Ferguson,21,4,Housing manager/officer
14308834,Jerry,Lambert,22,2,Medical illustrator
42594448,Sara,Haley,22,4,Waste management officer
87099978,Adam,Mayer,25,7,"Scientist, research (maths)"
84508774,Micheal,Smith,30,7,Audiological scientist
93540017,Sarah,Moore,23,6,Orthoptist
159983,Donna,Moore,19,6,Oncologist
62540464,Timothy,Johnson,18,1,Multimedia specialist
1000129,Kenneth,Williams,19,2,Energy engineer
39015775,Susan,Whitaker,18,5,Physiotherapist
47934295,Steven,Murphy,20,3,"Lighting technician, broadcasting/film/video"
282322,Cynthia,Richards,21,1,Warden/ranger
32206550,Dorothy,Zamora,26,4,Legal executive
69843782,Rachel,Lee,24,7,Exercise physiologist
89357642,Tim,Wang,30,3,"Therapist, speech and language"
61392020,Patrick,Gonzales,26,1,Quarry manager
38663631,Chad,Clay,27,2,Television camera operator
60851917,Howard,Barajas,22,7,Special educational needs teacher
52984779,Teresa,Brown,28,4,Lawyer
57835827,Duane,Francis,28,2,Amenity horticulturist
82355971,Jeffrey,Davis,20,5,Youth worker
33400628,Alisha,Robbins,26,7,"Education officer, environmental"
6560741,Andrew,Williams,20,1,"Editor, film/video"
99110880,Jennifer,Sampson,19,5,Civil Service fast streamer
17946955,Rhonda,Benton,20,4,"Production designer, theatre/television/film"
52686662,Paul,Ruiz,25,2,Chief Technology Officer
12554179,Allen,Hernandez,30,3,"Geologist, wellsite"
18255428,Ashley,Morales,21,7,Call centre manager
69697368,Sheila,Young,25,4,Horticultural therapist
54724164,Sandra,Vargas,19,4,Early years teacher
89492871,Brandon,Moore,23,4,Cabin crew
35335317,Ernest,Lowe,28,5,"Production assistant, radio"
13033845,Timothy,Miller,20,1,Farm manager
40110758,Elizabeth,Peterson,23,6,"Engineer, chemical"
48853230,Joshua,Johnson,20,3,Television/film/video producer
84050743,Christopher,Sanders,24,2,Nutritional therapist
54754869,Jeff,Lynn,26,2,Broadcast engineer
27336902,Ana,Johnson,22,5,Dispensing optician
88661350,Elizabeth,Jacobs,26,2,"Therapist, music"
97892690,Gabrielle,Thompson,26,3,"Designer, jewellery"
6413334,Molly,Young,24,2,Herbalist
56634815,Allen,Harris,21,3,Town planner
80149700,Amy,Brooks,26,7,Immigration officer
6926540,Benjamin,Ballard,28,7,Civil Service fast streamer
47462965,Amanda,Wagner,26,5,"Engineer, chemical"
62613468,Eric,White,25,3,"Lecturer, higher education"
90183044,Eric,Sanchez,30,6,Mechanical engineer
83908609,Robert,Acevedo,25,6,Geochemist
79054949,Andrew,Frederick,27,1,Veterinary surgeon
51500387,Daniel,Blanchard,24,1,Publishing copy
8477381,Robert,Arnold,25,3,Sports development officer
74577459,Aaron,Torres,20,7,"Surveyor, planning and development"
10203314,Thomas,Roberts,29,6,Veterinary surgeon
9398676,Holly,Schmidt,20,4,Academic librarian
71415211,Kyle,Nguyen,19,5,Counselling psychologist
79454801,Gregory,Davis,20,4,English as a foreign language teacher
93717852,Mark,Taylor,19,1,Applications developer
39166509,Colin,Hanna,20,6,Police officer
5927215,Linda,Smith,19,3,Chief Marketing Officer
68402195,Benjamin,Baker,30,7,"Scientist, clinical (histocompatibility and immunogenetics)"
83227209,Donna,Mendoza,24,4,Geophysical data processor
67525825,Melissa,Harper,26,7,Occupational hygienist
17136073,Caitlin,Roberts,22,3,Cartographer
2827243,Tara,Miles,19,6,Clinical embryologist
60614280,Kendra,Adams,20,5,Medical physicist
23535348,Jasmine,Cook,27,2,"Scientist, physiological"
24471275,Emily,Evans,21,2,Immunologist
37028962,Jacob,Shea,23,7,Broadcast journalist
51147351,Michael,Tate,22,4,Furniture designer
59609390,Tracy,Nelson,22,1,Special educational needs teacher
51022992,Darryl,May,21,7,Location manager
59136071,Wendy,Thompson,29,5,"Surveyor, hydrographic"
31267246,Dillon,Randolph,23,2,"Designer, exhibition/display"
79366703,Diana,Evans,22,5,Electrical engineer
11270273,Makayla,Figueroa,18,4,Tourist information centre manager
92871839,Christine,Mccormick,23,1,"Doctor, general practice"
20743741,Deborah,Taylor,30,6,Site engineer
7815103,Michael,Wright,29,1,Interpreter
25971119,Rachel,Owen,28,1,Economist
51649462,Amy,Nguyen,28,1,Insurance claims handler
26007650,Michael,Fitzpatrick,25,7,Forensic psychologist
91503802,Dustin,Crawford,27,1,Production manager
13274367,Angela,Rosario,30,1,Optometrist
14879559,Daniel,Jones,20,2,Media buyer
17493784,Angela,Smith,27,1,"Engineer, energy"
41418935,Katie,Ortiz,22,4,Radio broadcast assistant
28239372,Peter,Dean,30,4,Purchasing manager
74223596,Benjamin,Smith,18,3,Psychiatrist
12345678-9,Jose,Jose,20,4,Ingenieria Civil Informatica
12345678-9,Jose,Jose,20,4,Ingenieria Civil Informatica
12345678-9,Jose,Jose,20,4,Ingenieria Civil Informatica
12345678-9,Jose,Jose,20,4,Ingenieria Civil Informatica
12345678-9,Jose,Jose,20,4,Ingenieria Civil Informatica
12345678-9,Jose,Jose,20,4,Ingenieria Civil Informatica
12345678-9,Jose,Jose,20,4,Ingenieria Civil Informatica
12345678-9,Jose,Jose,20,4,Ingenieria Civil Informatica
12345678-9,Jose,Jose,20,4,Ingenieria Civil Informatica
12345678-9,Jose,Jose,20,4,Ingenieria Civil Informatica
12345678-9,Jose,Jose,20,4,Ingenieria Civil Informatica
12345678-9,Jose,Jose,20,4,Ingenieria Civil Informatica
12345678-9,Jose,Jose,20,4,Ingenieria Civil Informatica
12345678-9,Jose,Jose,20,4,Ingenieria Civil Informatica
12345678-9,Jose,Jose,20,4,Ingenieria Civil Informatica
12345678-9,Jose,Jose,20,4,Ingenieria Civil Informatica
